step,axial_strain,sxx,syy,lx,ly
0,-1.8751950696955200838e-16,243.68748451448399805,253.06690358015399056,0.0066077829296313748964,0.0092508961014838714254
200,0.00099499999999990893472,201.61603525736600773,241.49235275545899526,0.0066077829296313748964,0.0092416914598628940869
400,0.0019949999999998701411,182.62638026236700739,240.04864923137500909,0.0066077829296313748964,0.0092324405637614105624
600,0.0029949999999998298296,177.68329069928398667,204.95105479341799537,0.0066077829296313748964,0.0092231896676599270379
800,0.0039949999999997999264,171.49706520155498879,195.23151276016599809,0.0066077829296313748964,0.0092139387715584435135
1000,0.0049949999999997600486,158.10491592578298992,189.56765887424299422,0.0066077829296313748964,0.009204687875456959989
1200,0.0059949999999997201708,152.65778997844699916,191.72406608485599122,0.0066077829296313748964,0.0091954369793554764645
1400,0.006994999999999680293,140.24382919389100266,188.87041486171600013,0.0066077829296313748964,0.00918618608325399294
1600,0.0079949999999996499561,135.35457039852698813,191.98298680183199849,0.0066077829296313748964,0.0091769351871525094155
1800,0.0089949999999999908501,133.97785684071598666,191.65035175801901346,0.0066077829296313748964,0.0091676842910510224216
2000,0.0099949999999999501049,127.97203106533299888,194.96433619939298865,0.0066077829296313748964,0.0091584333949495388971
2200,0.010994999999999900686,129.86701639692398658,200.93075610963799704,0.0066077829296313748964,0.0091491824988480553726
2400,0.01199499999999989984,131.34174848154501092,202.85762382854198904,0.0066077829296313748964,0.0091399316027465718482
2600,0.012994999999999800114,137.45759097578999786,204.55093336796801395,0.0066077829296313748964,0.0091306807066450883237
2800,0.013994999999999799267,136.62589763499099149,209.81622763011898769,0.0066077829296313748964,0.0091214298105436047992
3000,0.014994999999999800155,140.64749563553598932,213.27889210100900641,0.0066077829296313748964,0.0091121789144421212747
3200,0.01599499999999970043,142.48608078367900021,220.40522119026900327,0.0066077829296313748964,0.0091029280183406377502
3400,0.016994999999999701318,145.24696675355099273,225.72616147905401363,0.0066077829296313748964,0.0090936771222391542258
3600,0.017994999999999698737,146.44483504363299176,231.58073232461001112,0.0066077829296313748964,0.0090844262261376707013
3800,0.018995000000000001467,150.56554333487400754,236.34757587968400117,0.0066077829296313748964,0.0090751753300361837073
4000,0.019994999999999998885,152.07764395015701098,241.7310840600989934,0.0066077829296313748964,0.0090659244339347001829
4200,0.02099499999999989916,153.75702711321000038,247.95260794718899433,0.0066077829296313748964,0.0090566735378332166584
4400,0.021994999999999900048,156.3873698842220108,255.73075094339898783,0.0066077829296313748964,0.0090474226417317331339
4600,0.022994999999999800322,159.91823060149201297,260.04406556463101197,0.0066077829296313748964,0.0090381717456302496094
4800,0.02399499999999980121,163.16979992055598814,265.5619575483430026,0.0066077829296313748964,0.0090289208495287660849
5000,0.024994999999999798629,166.10151706171100727,272.00247775693600261,0.0066077829296313748964,0.0090196699534272825605
5200,0.025994999999999698903,169.474404286555,278.96250868675798529,0.0066077829296313748964,0.009010419057325799036
5400,0.026994999999999699791,171.87587516712900992,285.83002133932700417,0.0066077829296313748964,0.0090011681612243155115
5600,0.027994999999999700679,173.13421112428099491,291.65909438771200257,0.0066077829296313748964,0.008991917265122831987
5800,0.02899499999999999994,177.83992393557198852,298.02293478511899139,0.0066077829296313748964,0.0089826663690213449931
6000,0.029995000000000000828,179.26838180009099233,305.56275282719099096,0.0066077829296313748964,0.0089734154729198614686
6200,0.030994999999999901102,183.94058903272699013,309.93165388018400108,0.0066077829296313748964,0.0089641645768183779441
6400,0.031994999999999898521,187.12356563483999139,317.10635038142402209,0.0066077829296313748964,0.0089549136807168944197
6600,0.032994999999999802265,190.13015241308900727,324.63243076214200755,0.0066077829296313748964,0.0089456627846154108952
6800,0.033994999999999803153,191.91568605319000085,331.12816942694200861,0.0066077829296313748964,0.0089364118885139273707
7000,0.034994999999999797102,196.00169076697901005,337.90823509200600938,0.0066077829296313748964,0.0089271609924124438462
7200,0.035994999999999700846,198.68918715266698882,344.46521219777702072,0.0066077829296313748964,0.0089179100963109603217
7400,0.036994999999999701734,201.73297138431101416,352.45688823017297864,0.0066077829296313748964,0.0089086592002094767972
7600,0.037994999999999702622,204.54456127582500358,359.38834830143400723,0.0066077829296313748964,0.0088994083041079932728
7800,0.038995000000000001883,209.36361014361500565,364.94017355062499064,0.0066077829296313748964,0.0088901574080065062788
8000,0.039995000000000002771,212.87629152656100473,372.71150352757501878,0.0066077829296313748964,0.0088809065119050227544
8200,0.040994999999999899576,215.85115912650400105,379.27752468639698691,0.0066077829296313748964,0.0088716556158035392299
8400,0.041994999999999900464,219.08364600836898717,387.68731876557501437,0.0066077829296313748964,0.0088624047197020557054
8600,0.042994999999999797269,221.33469389658000637,395.87371317048899755,0.0066077829296313748964,0.0088531538236005721809
8800,0.043994999999999798157,224.46820509281201339,401.80993313359397234,0.0066077829296313748964,0.0088439029274990886564
9000,0.044994999999999799045,228.77406573464500639,408.58293387963897203,0.0066077829296313748964,0.008834652031397605132
9200,0.045994999999999702789,233.21879371518599555,416.13799532942198312,0.0066077829296313748964,0.0088254011352961216075
9400,0.046994999999999696738,236.42971043397500353,424.94928571707902165,0.0066077829296313748964,0.008816150239194638083
9600,0.047994999999999697626,237.98211974397699464,431.62807034376800175,0.0066077829296313748964,0.0088068993430931545585
9800,0.048994999999999996887,242.52743537622001213,439.41361778209198974,0.0066077829296313748964,0.0087976484469916675646
10000,0.049994999999999997775,246.2092069561439871,446.95467899780697962,0.0066077829296313748964,0.0087883975508901840401
10200,0.050994999999999901519,250.54000076092299309,454.99145033453498854,0.0066077829296313748964,0.0087791466547887005156
10400,0.051994999999999902407,252.77279497978099698,463.02538294190702572,0.0066077829296313748964,0.0087698957586872169911
10600,0.052994999999999799212,255.9078128978389941,470.12626409633298863,0.0066077829296313748964,0.0087606448625857334667
10800,0.0539949999999998001,260.08231914433798693,478.91633001235300071,0.0066077829296313748964,0.0087513939664842499422
11000,0.054994999999999800988,264.4746620841880258,485.8035228768479783,0.0066077829296313748964,0.0087421430703827664177
11200,0.055994999999999697793,267.17784243296301838,494.83746435124601248,0.0066077829296313748964,0.0087328921742812828932
11400,0.056994999999999698681,270.68381030779198682,502.65959669870301241,0.0066077829296313748964,0.0087236412781797993687
11600,0.057994999999999699569,275.55572903137698404,509.00123316440300414,0.0066077829296313748964,0.0087143903820783158443
11800,0.05899499999999999883,279.3474964777960281,519.49091267860001153,0.0066077829296313748964,0.0087051394859768288503
12000,0.059994999999999999718,284.36841872608999893,525.73944933968903115,0.0066077829296313748964,0.0086958885898753453259
12200,0.060994999999999903462,288.10997575381202296,533.73240754041205491,0.0066077829296313748964,0.0086866376937738618014
12400,0.061994999999999897411,291.86252291670598424,541.3553210442589716,0.0066077829296313748964,0.0086773867976723782769
12600,0.062994999999999801155,293.75019943009402823,552.09135521405198688,0.0066077829296313748964,0.0086681359015708947524
12800,0.063994999999999802043,299.12720689887999015,558.22166493567101497,0.0066077829296313748964,0.0086588850054694112279
13000,0.064994999999999802931,304.34562606502100834,566.45319397427203967,0.0066077829296313748964,0.0086496341093679277034
13200,0.065994999999999706675,306.28724036376797812,575.4915669259249853,0.0066077829296313748964,0.008640383213266444179
13400,0.066994999999999693685,309.67626420980002422,585.41939697023997269,0.0066077829296313748964,0.0086311323171649606545
13600,0.067994999999999694573,315.63988780522902289,591.16215947791397411,0.0066077829296313748964,0.00862188142106347713
13800,0.068995000000000000773,319.89894081781699242,601.18874437201304772,0.0066077829296313748964,0.0086126305249619901361
14000,0.069995000000000001661,323.51384894734701447,608.96621444343702478,0.0066077829296313748964,0.0086033796288605066116
