field,dirt,lammps,required_for_scored_replication
dimension,3D one-grain-deep sphere slice,2D discs,yes
lateral_boundary,fixed moving x walls,periodic x,yes
out_of_plane_boundary,fixed y confinement,enforce2d,yes
contact_kinematics,DIRT Hertz sphere-wall,LAMMPS 2D Hertz disc,yes
preparation,random insertion in finite walled cell,Berendsen isotropic seating,yes
loading,prescribed moving platen plus x-wall motion,box deformation in periodic cell,yes
stress_observable,wall resultant,virial stress,yes
volumetric_observable,finite-cell volume,periodic-box area,yes
fabric_observable,DIRT contact fabric,no committed LAMMPS fabric trace,yes
